player_id,display_name
00-0000136,Brent Alexander
00-0000518,Billy Austin
00-0000551,Brendon Ayanbadejo
00-0001058,Jay Bellamy
00-0001114,Tommy Bennett
00-0001368,Tony Blevins
00-0001481,Vaughn Booker
00-0001526,Jason Bostic
00-0001760,O.J. Brigance
00-0001816,Zack Bronson
00-0001934,Fakhir Brown
00-0002142,Junior Bryant
00-0002583,Lamar Campbell
00-0002666,Keion Carpenter
00-0002688,Mark Carrier
00-0002909,Matt Chatham
00-0002919,Corey Chavous
00-0002938,Larry Chester
00-0003111,Charlie Clemons
00-0003187,George Coghill
00-0003239,Rod Coleman
00-0003316,Todd F. Collins
00-0003547,Terry Cousin
00-0003676,Clifton Crosby
00-0003838,Lional Dalton
00-0003888,Chartric Darby
00-0003970,Don Davis
00-0004208,Tim Denton
00-0004472,Marques Douglas
00-0004875,Percy Ellsworth
00-0004989,Josh Evans
00-0005074,D'Marco Farr
00-0005155,Nick Ferguson
00-0005165,Frank Ferrara
00-0005322,London Fletcher
00-0006103,Jeff Gooch
00-0006250,Billy Granville
00-0006356,Victor Green
00-0006395,Donovan Greer
00-0006459,Robert Griffith
00-0006562,Brock Gutierrez
00-0006636,Jermaine Haley
00-0006708,Bobby Hamilton
00-0006733,Uhuru Hamiter
00-0006760,William Hampton
00-0006920,Bernardo Harris
00-0006960,Johnnie Harris
00-0007089,Harald Hasselbach
00-0007108,Tim Hauck
00-0007186,Rodney Heath
00-0007236,Nate Hemsley
00-0007325,Kelly Herndon
00-0007375,Eric Hicks
00-0007450,Raion Hill
00-0007452,Ray Hill
00-0007531,Nate Hobgood-Chittick
00-0007667,Bernard Holsey
00-0007788,Bobbie Howard
00-0008075,Larry Izzo
00-0008202,Tyoka Jackson
00-0008335,Billy Jenkins
00-0008594,Olrick Johnson
00-0008764,James Jones
00-0008811,Lenoy Jones
00-0008823,Mike A. Jones
00-0008941,Kerry Joseph
00-0009001,N. D. Kalu
00-0009115,Maurice Kelly
00-0009305,Travis Kirschke
00-0009357,Sammy Knight
00-0009418,George Koonce
00-0009659,Kwamie Lassiter
00-0009833,Bashir Levingston
00-0009971,Earl Little
00-0010029,James Logan
00-0010175,Rick Lyle
00-0010196,Billy Lyon
00-0010421,Lemar Marshall
00-0010486,Lonnie Marts
00-0010496,Mike Maslowski
00-0010535,Kevin Mathis
00-0010645,Tod McBride
00-0010717,Andy McCollum
00-0010970,Ronald McKinnon
00-0011234,Arnold Miller
00-0011390,Anthony Mitchell
00-0011413,Keith Mitchell
00-0011464,Mike Mohring
00-0011570,Jason Moore
00-0011585,Larry Moore
00-0011629,Tim Morabito
00-0011796,Mustafah Muhammad
00-0012005,Jim Nelson
00-0012135,Brandon Noble
00-0012229,Chukie Nwokorie
00-0012547,Anthony Parker
00-0012578,Riddick Parker
00-0012908,Perry Phenix
00-0013141,Jeff Posey
00-0013235,Shawn Price
00-0013322,Shelton Quarles
00-0013405,John Randle
00-0013643,Ron Rice
00-0013845,Bryan Robinson
00-0013850,Damien Robinson
00-0013860,Eugene Robinson
00-0013986,Tyrone Rogers
00-0014051,Adrian Ross
00-0014153,Orlando Ruff
00-0014179,Reggie Rusk
00-0014260,Joe Salave'a
00-0014375,Jeff Saturday
00-0014376,Craig Sauer
00-0014618,Corey Sears
00-0014674,Kato Serwanga
00-0014675,Wasswa Serwanga
00-0014939,Antoine Simpson
00-0015002,Tony Siragusa
00-0015080,Aaron Smith
00-0015151,Derek M. Smith
00-0015270,Otis Smith
00-0015468,Paul Spicer
00-0015487,Donnie Spragan
00-0015648,Reggie Stephens
00-0015986,Sam Sword
00-0016076,Josh Taves
00-0016106,Henry Taylor
00-0016192,Tim Terry
00-0016271,Hollis Thomas
00-0016311,Ratcliff Thomas
00-0016505,Robbie Tobeck
00-0016635,R-Kal Truluck
00-0016667,Jessie Tuggle
00-0016674,Van Tuinei
00-0016824,Eric Vance
00-0016924,Troy Vincent
00-0016956,Kimo von Oelhoffen
00-0017013,Brian Walker
00-0017052,Marquis Walker
00-0017061,Rod Walker
00-0017077,Al Wallace
00-0017255,Keith Washington
00-0017428,Mike Wells
00-0017585,Willie Whitehead
00-0017619,Bernard Whittington
00-0017638,Casey Wiegmann
00-0017737,Brian Williams
00-0017799,George Williams
00-0017825,Jay Williams
00-0017846,K.D. Williams
00-0017899,Pat Williams
00-0017947,Tyrone M. Williams
00-0017961,Willie Williams
00-0018054,Reinard Wilson
00-0018137,Cory Withrow
00-0018194,Shawn Wooden
00-0018249,Mark Word
00-0018563,Justin Lucas
00-0018575,Duane Hawthorne
00-0018579,Robert Newkirk
00-0018587,Don Morgan
00-0018599,Joe Tuipala
00-0018605,Corey Ivy
00-0018612,Phil Clarke
00-0018614,Corey Harris
00-0018927,Gaylon Hyder
00-0018932,Bobby Setzer
00-0018941,Todd McMillon
00-0018982,Eric Johnson
00-0019032,Keith Miller
00-0019053,Steve Gleason
00-0019059,Kelvin Moses
00-0019070,Ronnie Heard
00-0019096,Ray Green
00-0019097,Deveron Harper
00-0019101,Reggie Howard
00-0019104,Paris Lenon
00-0019129,Ainsley Battles
00-0019133,Hank Fraley
00-0019136,Al Lucas
00-0019154,Kevin Lewis
00-0019228,Jimmy Wyrick
00-0019246,Adewale Ogunleye
00-0019247,Tommy Hendricks
00-0019250,Trent Gamble
00-0019276,Shaun O'Hara
00-0019285,Jerry DeLoach
00-0019293,Deke Cooper
00-0019324,Damian Gregory
00-0019339,Cedric Killings
00-0019356,Fred Jones
00-0019362,Kenyatta Wright
00-0019387,James Hall
00-0019392,Brandon Jennings
00-0019472,Marcus Bell
00-0019518,Jason Starkey
00-0019520,Norris McCleary
00-0019522,Edward Thomas
00-0019593,Adalius Thomas
00-0019630,Kendrick Clancy
00-0019637,Orantes Grant
00-0019706,Fred Robbins
00-0019710,Hank Poteat
00-0019733,Nick Harper
00-0019755,Davis Sanchez
00-0019776,Cleveland Pinkney
00-0019789,Quincy Stewart
00-0019809,Troy Evans
00-0019820,Kendrick Office
00-0019852,Donte Curry
00-0019940,Chris Hoke
00-0019945,Dyshod Carter
00-0019986,Juqua Parker
00-0019991,Joe Walker
00-0019993,Kevin Kaesviharn
00-0020005,Ifeanyi Ohalete
00-0020006,Antonio Pierce
00-0020025,LeVar Woods
00-0020055,Demetric Evans
00-0020082,Chidi Iwuoma
00-0020084,Ligarius Jennings
00-0020107,Nick Sorensen
00-0020110,Jason Bell
00-0020111,Lynn Scott
00-0020139,Josh Stamer
00-0020152,Alvin Porter
00-0020184,Lance Legree
00-0020199,Brian Russell
00-0020202,DeQuincy Scott
00-0020227,Tim Johnson
00-0020240,Kole Ayi
00-0020259,DeVone Claybrooks
00-0020295,Brian Allen
00-0020304,Edgerton Hartwell
00-0020317,Kendrell Bell
00-0020382,Kyle Vanden Bosch
00-0020384,William James
00-0020422,Chris Cooper
00-0020538,Daleroy Stewart
00-0020571,Clinton Hart
00-0020599,Dario Romero
00-0020600,James Whitley
00-0020653,Kalvin Pearson
00-0020657,Reggie Myles
00-0020664,Brandon Moore
00-0020678,Kyries Hebert
00-0020697,Antwan Lake
00-0020747,Ryan Nece
00-0020749,Corey Smith
00-0020800,Justin Ena
00-0020809,Jeremy Slechta
00-0020811,James Atkins
00-0020824,Vernon Fox
00-0020836,Brad Kassell
00-0020840,Ryan Clark
00-0020861,Will Demps
00-0020867,Ma'ake Kemoeatu
00-0020873,Bart Scott
00-0020961,Marcus Wilkins
00-0020971,Khary Campbell
00-0020974,Keith Davis
00-0020995,D.D. Lewis
00-0021001,Kemp Rasmussen
00-0021008,Trev Faulk
00-0021011,Jashon Sykes
00-0021033,Grant Irons
00-0021041,Lenny Walls
00-0021055,Quentin Harris
00-0021131,Louis Green
00-0021162,Robert Thomas
00-0021188,Anton Palepoi
00-0021193,Fred Weary
00-0021198,Roe Williams
00-0021199,Joseph Jefferson
00-0021210,Kris Richard
00-0021285,Josh Shaw
00-0021326,Josh Mallard
00-0021332,Stylez G. White
00-0021385,Andre Gurode
00-0021484,Gary Brackett
00-0021487,Anthony Floyd
00-0021490,Tony Brown
00-0021493,Vinny Ciurciu
00-0021503,Roderick Hood
00-0021504,Jamaal Jackson
00-0021512,Quintin Mikell
00-0021514,Sam Rayburn
00-0021542,Jacques Cesaire
00-0021544,Stephen Cooper
00-0021574,Akbar Gbaja-Biamila
00-0021578,Nic Clemons
00-0021583,Ade Jimoh
00-0021604,Israel Idonije
00-0021607,Mason Unck
00-0021612,Leigh Bodden
00-0021613,Oliver Celestin
00-0021616,Shantee Orr
00-0021630,Terrell Roberts
00-0021645,Tracy White
00-0021654,Joselio Hanson
00-0021677,Keith O'Neil
00-0021679,Shaun Smith
00-0021709,Kenderick Allen
00-0021723,Mark Brown
00-0021737,Russell Stuvaints
00-0021762,Ronyell Whitaker
00-0021791,Otis Grigsby
00-0021808,Cameron Worrell
00-0021869,Terrance Martin
00-0021888,Dwaine Carpenter
00-0021952,Todd Johnson
00-0021961,Michael Nattiel
00-0021964,Earl Cochran
00-0022056,Rod Babers
00-0022185,Jason Short
00-0022199,Jason Horton
00-0022201,Terrence Melton
00-0022257,Justin Sandy
00-0022260,Garnell Wilds
00-0022278,Ryan Boschetti
00-0022297,Mike Labinjo
00-0022306,Brian Howard
00-0022322,Josh Savage
00-0022341,George Wilson
00-0022342,Eric Alexander
00-0022344,Randall Gay
00-0022350,Ryan Lilja
00-0022352,Benny Sapp
00-0022353,Rich Scanlon
00-0022356,Jordan Carstens
00-0022366,Eddie Jackson
00-0022391,Junior Glymph
00-0022409,Jordan Babineaux
00-0022477,Curome Cox
00-0022504,Alain Kashama
00-0022521,Rashad Baker
00-0022527,Jabari Greer
00-0022539,Tommy Kelly
00-0022554,Josh Thomas
00-0022569,Roc Alexander
00-0022588,Josh Cooper
00-0022591,Jim Maxwell
00-0022592,Curtis Deloatch
00-0022610,Spencer Johnson
00-0022713,Ricardo Colclough
00-0022758,Rob Reynolds
00-0022771,Eugene Amano
00-0022804,Nick Hardwick
00-0022828,Nate Jones
00-0022894,Travis LaBoy
00-0022932,Ryan Fowler
00-0022997,Andre Frazier
00-0022998,Arnold Harrison
00-0023005,Adrian Awasom
00-0023008,Chris Carr
00-0023013,Brandon Browner
00-0023047,Alfred Malone
00-0023053,James Butler
00-0023068,Patrick Dendy
00-0023075,Kris Griffin
00-0023084,Marques Harris
00-0023090,Derreck Robinson
00-0023102,Herana-Daze Jones
00-0023114,Dovonte Edwards
00-0023136,Antoine Harris
00-0023174,Simon Fraser
00-0023186,Leigh Torrence
00-0023195,Thomas Johnson
00-0023199,Darrell Reid
00-0023213,Aaron Francisco
00-0023215,Heath Farwell
00-0023219,Tim Bulman
00-0023241,Dennis Haley
00-0023255,Mike Wright
00-0023287,Jim Leonhard
00-0023288,Evan Oglesby
00-0023313,Isaiah Ekejiuba
00-0023316,Raymond Ventrone
00-0023327,Gary Gibson
00-0023344,J'Vonne Parker
00-0023351,Santonio Thomas
00-0023354,Brandon McGowan
00-0023376,Antwain Spann
00-0023404,Atari Bigby
00-0023405,Abram Elam
00-0023455,Marcus Spears
00-0023473,Stanford Routt
00-0023485,Ron Bartell
00-0023501,Oshiomogho Atogwe
00-0023523,Sione Po'uha
00-0023533,Leroy Hill
00-0023537,Sean Considine
00-0023566,Chris Canty
00-0023600,Mike Hawkins
00-0023652,Rod Wilson
00-0023693,Chase Blackburn
00-0023722,B.J. Ward
00-0023727,Dimitri Patterson
00-0023729,Rashad Jeanty
00-0023737,Kevin Huntley
00-0023754,T.J. Jackson
00-0023757,Chris Reis
00-0023781,Antwon Burton
00-0023807,John Busing
00-0023812,Colin Allred
00-0023814,Copeland Bryan
00-0023823,Lamarcus Hicks
00-0023825,Charles Gordon
00-0023847,Jeff Charleston
00-0023890,Jason Hunter
00-0023893,Jayme Mitchell
00-0023902,Kevin Hobbs
00-0023903,Lance Laury
00-0023904,Garrett McIntyre
00-0023918,Jarrett Bush
00-0023945,Ricky Brown
00-0023998,Steve Gregory
00-0024002,Brandon McKinney
00-0024008,Quincy Butler
00-0024017,Pierre Woods
00-0024018,Corey Mays
00-0024058,John Chick
00-0024073,Remi Ayodele
00-0024075,Cletis Gordon
00-0024095,Anthony Madison
00-0024097,Jamaal Fudge
00-0024100,Brian Iwuh
00-0024129,Blake Costanzo
00-0024166,Ronnie Prude
00-0024178,Kevin Dockery
00-0024201,Hiram Eugene
00-0024252,Jimmy Williams
00-0024288,Dusty Dvoracek
00-0024309,Freddy Keiaho
00-0024396,Montavious Stanley
00-0024420,Le Kevin Smith
00-0024467,Dave Tollefson
00-0024517,Chris Wilson
00-0024565,Quinton Culberson
00-0024588,Marquice Cole
00-0024648,DelJuan Robinson
00-0024663,Quinton Teal
00-0024670,Kyle Cook
00-0024673,David Herron
00-0024692,Daniel Muir
00-0024697,Melvin Bullitt
00-0024714,Edgar Jones
00-0024734,Antwan Applewhite
00-0024745,Louis Leonard
00-0024750,Nick Roach
00-0024755,Jyles Tucker
00-0024765,Ed Johnson
00-0024796,Craig Dahl
00-0024805,Corey Mace
00-0024815,Tyron Brackenridge
00-0025484,Ray McDonald
00-0025523,Clint Session
00-0025599,Courtney Brown
00-0025605,Zac Diles
00-0025626,C.J. Ah You
00-0025640,Chinedum Ndukwe
00-0025667,Pago Togafau
00-0025668,Michael Adams
00-0025682,Lyle Sendlein
00-0025689,Mike DeVito
00-0025697,Jason Trusnik
00-0025714,Jeremy Clark
00-0025719,Akeem Jordan
00-0025720,Marques Murrell
00-0025739,Byron Westbrook
00-0025753,James Ihedigbo
00-0025764,Jon Corto
00-0025788,Paul Oliver
00-0025821,Gary Guyton
00-0025829,Doug Legursky
00-0025833,Patrick Bailey
00-0025848,Roy Lewis
00-0025857,Ogemdi Nwagbuo
00-0025872,Kyle DeVan
00-0025902,Elbert Mack
00-0025925,Fernando Velasco
00-0025940,Husain Abdullah
00-0025945,Erin Henderson
00-0025991,Eric Foster
00-0025993,Curtis Johnson
00-0025995,Jordan Senn
00-0025996,Jamie Silva
00-0025999,David Hawthorne
00-0026001,Titus Brown
00-0026016,Ropati Pitoitua
00-0026028,Danny Lansanah
00-0026043,Marcus Dixon
00-0026046,Steve Octavien
00-0026057,Josh Bell
00-0026071,Kyle Arrington
00-0026084,Brian Schaefering
00-0026089,Maurice Leggett
00-0026093,Anthony Toribio
00-0026172,Phillip Merling
00-0026200,Pat Lee
00-0026215,Reggie Smith
00-0026356,Landon Cohen
00-0026407,Jameel McClain
00-0026417,Jesse Nading
00-0026486,Kenny Onatolu
00-0026515,Tony Carter
00-0026519,DJ Johnson
00-0026541,Antonio Dixon
00-0026548,Mitch King
00-0026571,Reshard Langford
00-0026581,Rob Francois
00-0026605,Russell Allen
00-0026635,Ashlee Palmer
00-0026662,Jamaal Westerman
00-0026674,Jacob Lacey
00-0026683,Ryan Baker
00-0026720,Rico Murray
00-0026727,Reggie Walker
00-0026742,Marcus Benard
00-0026758,C.J. Spillman
00-0026759,Phillip Hunt
00-0026788,Cyril Obiozor
00-0026791,Ronald Talley
00-0026798,Tim Jamison
00-0026824,Bruce Johnson
00-0026837,Danny Gorrer
00-0026869,Jovan Belcher
00-0026875,Ricky Price
00-0026920,Macho Harris
00-0027062,Chris Owens
00-0027074,Kaluka Maiava
00-0027084,Sammie Lee Hill
00-0027159,Jeremy Jarmon
00-0027204,Emmanuel Stephens
00-0027209,Antonio Coleman
00-0027232,Sergio Brown
00-0027237,Dane Fletcher
00-0027244,Jeromy Miles
00-0027248,Jermelle Cudjo
00-0027263,Nate Collins
00-0027286,Kyle McCarthy
00-0027338,Aaron Berry
00-0027350,A.J. Jefferson
00-0027353,Marshay Green
00-0027402,Andre Neblett
00-0027421,Bryan McCann
00-0027431,Kellen Heard
00-0027503,Josh Gordy
00-0027511,Aaron Morgan
00-0027571,Malcolm Sheppard
00-0027597,Kion Wilson
00-0027624,Martin Tevaseu
00-0027628,Brian Sanford
00-0027639,Cory Greenwood
00-0027649,Chris Cook
00-0027655,Torell Troup
00-0027661,Jermaine Cunningham
00-0027671,Amari Spievey
00-0027689,Daniel Te'o-Nesheim
00-0027784,Clifton Geathers
00-0027817,R.J. Stanford
00-0027879,Kyle Wilson
00-0027915,Isaiah Trufant
00-0028010,Martez Wilson
00-0028019,DeMarcus Van Dyke
00-0028051,Chimdi Chekwa
00-0028084,DeJon Gomes
00-0028140,Jacquian Williams
00-0028241,Ian Williams
00-0028251,Jeff Tarpinian
00-0028286,Josh Victorian
00-0028311,Brandon Bair
00-0028334,Darrin Walls
00-0028349,Jordan Miller
00-0028357,Anthony Walters
00-0028420,Kevin Rutland
00-0028479,Demarcus Dobbs
00-0028533,Mister Alexander
00-0028564,Isa Abdul-Quddus
00-0028575,Bront Bird
00-0028598,M.D. Jennings
00-0028600,Jamari Lattimore
00-0028601,Brandian Ross
00-0028614,Alex Albright
00-0028650,Joe Young
00-0028678,LeQuan Lewis
00-0028694,James Dockery
00-0028722,Ricky Lumpkin
00-0028742,Thomas Keiser
00-0028870,Quinton Pointer
00-0029030,Micah Pellerin
00-0029038,Marcus Dowtin
00-0029118,Kaelin Burnett
00-0029130,Dezman Moses
00-0029201,Sean Richardson
00-0029297,Trenton Robinson
00-0029309,DeAngelo Tyson
00-0029378,Ishmaa'ily Kitchen
00-0029407,Will Hill
00-0029610,Mike Harris
00-0029628,Christo Bilukidi
00-0029649,Kyle Knox
00-0029770,Joplo Bartu
00-0029945,Paul Hazel
00-0029975,Jordan Kovacs
00-0030118,Ty Powell
00-0030141,C.J. Wilson
00-0030198,Cameron Lawrence
00-0030215,Glenn Foster
00-0030222,Kevin Reddick
00-0030246,Justin Tuggle
00-0030254,Robert Lester
00-0030258,Casey Walker
00-0030259,Melvin White
00-0030435,Jeremy Harris
00-0030644,Akeem Davis
00-0030700,Zach Orr
00-0030771,Jackson Jeffcoat
00-0030917,Chris Davis
00-0031074,Jeoffrey Pagan
00-0031138,Max Bullough
00-0031174,Bryan Stork
00-0031283,Scott Crichton
00-0031438,Justin Gilbert
00-0031467,T.J. Fatinikun
00-0031888,Leon Orr
